id,name,published,description,variant_sku,price,image_source
1,#9FT Large Icing Piping Nozzles Russian Nozzles Pastry Tips Cookies Cake Decorating Tools Tips Cream Fondant Pastry Nozzles,TRUE,null,30703423-9ft,1.7,https://cdn.shopify.com/s/files/1/0252/8251/0902/products/product-image-1277715434.jpg?v=1584384449
2,1pc 8CM White Wooden Letters English Alphabet DIY Personalised Name Design Art Craft Wedding Home Decor letters room decoration,FALSE,null,29103397-zm-g-8cm,1.74,https://cdn.shopify.com/s/files/1/0252/8251/0902/products/product-image-1281285192.jpg?v=1584384461
3,20 Colors Mica Powder Epoxy Resin Dye Pearl Pigment Natural Mica Mineral Powder C63B,TRUE,null,31980014,18.48,https://cdn.shopify.com/s/files/1/0252/8251/0902/products/product-image-1303172540.jpg?v=1584384449
4,2CM X 100M Grafting Tape Stretchable Self Adhesive Grafting Film Special Fruit Tree Grafting Tool Garden Bind Tape,TRUE,null,26042894-2cm-china,0.02,https://cdn.shopify.com/s/files/1/0252/8251/0902/products/product-image-1280637273.jpg?v=1584384449
5,3 Sizes Blue HDPE Fish Pond Liner Garden Pools Reinforced HDPE Heavy Landscaping Pool Pond Waterproof Liner Cloth,TRUE,null,31943406-10x8m-australia,114.36,https://cdn.shopify.com/s/files/1/0252/8251/0902/products/product-image-1290281773.jpg?v=1584384450
6,3 Sizes Zippered Mesh Laundry Wash Bags for Delicates Lingerie Socks Underwear,TRUE,null,556188-l,1.78,https://cdn.shopify.com/s/files/1/0252/8251/0902/products/product-image-1286120835.jpg?v=1584384450
7,6foot  8foot 2.5m big Circle Wedding Birthday Arch Decoration Background Wrought Props Single Arch flower door rack Outdoor Lawn,TRUE,null,31856551-diameter-1-5m-2pcs-white-2m,388.08,https://cdn.shopify.com/s/files/1/0252/8251/0902/products/product-image-1280295247.jpg?v=1584384467
8,Air Vacuum Compressed Storage Bag Home Organizer Transparent Border Foldable Seal travel Saving Space Package Bags for clothes,TRUE,null,33553097-single-pump-china-transparent,9.58,https://cdn.shopify.com/s/files/1/0252/8251/0902/products/product-image-1278858706.jpg?v=1584384451
9,AOLIKES 1 pièces 2019 genou soutien professionnel de protection sport genouillère respirant pansement genouillère basket-ball Tennis cyclisme,TRUE,null,16512482-green-s,9.86,https://cdn.shopify.com/s/files/1/0252/8251/0902/products/product-image-1310476636.jpg?v=1584384482
10,Aproms Candy Color Ribbed Knitted Cardigan Women Autumn Winter Long Sleeve Basic Cropped Sweaters Female Casual Short Jumper Top,TRUE,null,30424565-m-light-green,23.98,https://cdn.shopify.com/s/files/1/0252/8251/0902/products/product-image-1309393682.jpg?v=1584384457
11,BerryGo Vintage mohair long cardigan women sweaters female Long sleeve pocket winter cardigans Casual knitwear pure jumpers,TRUE,null,27790886-m-gray,53.16,https://cdn.shopify.com/s/files/1/0252/8251/0902/products/product-image-1301917396.jpg?v=1584384451
12,Butterfly Shaped Bedding Pillows Memory Foam Pillow Cervical Orthopedic Neck Pillow Health Care Slow Rebound Sleeping Pillows,TRUE,null,21156704-a,27.7,https://cdn.shopify.com/s/files/1/0252/8251/0902/products/product-image-1278679613.jpg?v=1584384477
13,Chrome Tea Samovar 3.5 Liter,TRUE,null,33276874-turkey,70,https://cdn.shopify.com/s/files/1/0252/8251/0902/products/product-image-1279959514.jpg?v=1584384449
14,Clothes hanger closet organizer Space Saving Hanger Multi-port clothing rack Plastic Scarf cabide hangers for clothes TXTB1,TRUE,null,28534903-light-green-china,3.92,https://cdn.shopify.com/s/files/1/0252/8251/0902/products/product-image-1308261510.jpg?v=1584384478
15,Cotton Laundry Basket with Cover Bathroom Laundry Basket Large Kitchen Storage Basket Home Collapsible Waterproof Laundry Hamp,TRUE,null,30023790-gray-s,36,https://cdn.shopify.com/s/files/1/0252/8251/0902/products/product-image-1311021196.jpg?v=1584384451
16,DEAT 2020 new spring and summer fashion women clothes cashmere sqaure collar full sleeves elasitc high waist sexy pullover WK080,TRUE,null,32217284-s-as-picture,55.96,https://cdn.shopify.com/s/files/1/0252/8251/0902/products/product-image-1306529733.jpg?v=1584384476
17,"Digital Multi-function Food Kitchen Scale,Stainless Steel,11lb 5kg Stainless Steel Platform with LCD Display (Silver)",TRUE,null,6263793-light-grey,17.84,https://cdn.shopify.com/s/files/1/0252/8251/0902/products/product-image-1303858044.jpg?v=1584384450
18,Dog Car Seat Cover View Mesh Waterproof Pet Carrier Car Rear Back Seat Mat Hammock Cushion Protector With Zipper And Pockets,TRUE,null,22594140-grey-152x143cm-china,56.3,https://cdn.shopify.com/s/files/1/0252/8251/0902/products/product-image-1308674282.jpg?v=1584384477
19,Gift Card,FALSE,null,,10,https://cdn.shopify.com/s/files/1/0252/8251/0902/products/e38bd83af578077b65a31424bd24d085.png?v=1585169263
20,Joint Support Knee Pads Breathable Non-slip Lift Knee Pads Powerful Rebound Spring Force Knee Booster,TRUE,null,26635014-china-1-pc,21.22,https://cdn.shopify.com/s/files/1/0252/8251/0902/products/product-image-1306724594.jpg?v=1584384476
21,Magic Silicone Dishwashing Scrubber Dish Washing Sponge Rubber Scrub Gloves Kitchen Cleaning 1 Pair,TRUE,null,26728792-deep-blue,9.94,https://cdn.shopify.com/s/files/1/0252/8251/0902/products/product-image-1308477226.jpg?v=1584384478
22,Modern Fashion High Quality Women Bra Laundry Lingerie Washing Hosiery Saver Protect Mesh Small Bag DROP SHIP,TRUE,null,27182535,2.36,https://cdn.shopify.com/s/files/1/0252/8251/0902/products/product-image-1281199198.jpg?v=1584384448
23,New design mixed color bamboo toothbrush Eco Friendly wooden Tooth Brush Soft bristle Tip Charcoal adults oral care toothbrush,TRUE,null,26294497-10-piece-color-mix,15.96,https://cdn.shopify.com/s/files/1/0252/8251/0902/products/product-image-1307377517.jpg?v=1584384477
24,nn,TRUE,null,,0,
25,Nylon Heavy Duty Dog Pet Harness Collar Adjustable Padded Extra Big Large Medium Small Dog Harnesses vest Husky Dogs Supplies,TRUE,null,353195-black-l,12.54,https://cdn.shopify.com/s/files/1/0252/8251/0902/products/product-image-1309107663.jpg?v=1584384478
26,Pancake Maker Egg Ring Maker Nonstick Easy Fantastic Egg Omelette Mold Kitchen Gadgets Cooking Tools Silicone,TRUE,null,22752863-7-holds,7.82,https://cdn.shopify.com/s/files/1/0252/8251/0902/products/product-image-1308687379.jpg?v=1584384476
27,PARAKINI 2019 Sexy Micro Mini Bikini Set Women Erotic Transparent Swimwear Bathing Suit Tiny G-String Thong Bikinis Beachwear,TRUE,null,25381455-blue-size-fits-all,6.94,https://cdn.shopify.com/s/files/1/0252/8251/0902/products/product-image-1306532818.jpg?v=1584384453
28,PE Grafting Tape Film Self-adhesive Portable Garden Tree Plants Seedlings Grafting Supplies Stretchable Eco-friendly30MM*120M,TRUE,null,30495915-1-roll,3.92,https://cdn.shopify.com/s/files/1/0252/8251/0902/products/product-image-1277409599.jpg?v=1584384449
29,Pet-träger Oxford Stoff Auto Haustier Sitz Abdeckung Hund Auto Rücksitz Träger Wasserdicht Pet Hängematte Kissen Protector Dropshipping,TRUE,null,14169094-148x130x38cm-l,39.48,https://cdn.shopify.com/s/files/1/0252/8251/0902/products/product-image-1307890570.jpg?v=1584384476
30,Posture Corrector Lift Up Bra Women New Desigh X-bra Breathable Yoga Underwear Shockproof Sports Support Fitness Vest Bras,TRUE,null,24598065-black-l,17.98,https://cdn.shopify.com/s/files/1/0252/8251/0902/products/product-image-1307609180.jpg?v=1584384476
31,Rechargeable Nails Dog Cat Care Grooming USB Electric Pet Dog Nail Grinder Trimmer Clipper Pets Paws Nail Cutter,TRUE,null,16673503-grinder-m-china,22.1,https://cdn.shopify.com/s/files/1/0252/8251/0902/products/product-image-1301068417.jpg?v=1584384480
32,Silicone Thumb Cutter Separator Finger Tools Picking Device For Garden Harvesting Plant Gardening,TRUE,null,32811726-l,3.8,https://cdn.shopify.com/s/files/1/0252/8251/0902/products/product-image-1284408343.jpg?v=1584384450
33,Sweater Women 2020 Autumn Winter Fashion Solid O Neck Pullover Sweaters Korean Style Knitted Long Sleeve Jumpers Casual Tops,TRUE,null,30095421-one-size-orange,31.86,https://cdn.shopify.com/s/files/1/0252/8251/0902/products/product-image-1285997154.jpg?v=1584384449
34,Trendyol Pattern Gauze Knitted Blouse TWOSS20BZ0448,TRUE,null,34119654-cok-renkli-l,50.24,https://cdn.shopify.com/s/files/1/0252/8251/0902/products/product-image-1278761877.jpg?v=1584384476
35,Trendyol Polka Dot Bluz TWOSS20BZ0536,TRUE,null,34466457-lacivert-36,48.24,https://cdn.shopify.com/s/files/1/0252/8251/0902/products/product-image-1289990252.jpg?v=1584384449
36,Trendyol Ruffle Detail Shirt TWOSS20GO0275,TRUE,null,34119983-beyaz-36,65.4,https://cdn.shopify.com/s/files/1/0252/8251/0902/products/product-image-1282179925.jpg?v=1584384476
37,White Plastic Letter LED Night Light Marquee Sign Alphabet Lights Lamp Home Club Outdoor Indoor Party Wedding Home Decoration,TRUE,null,29742788-m,7.16,https://cdn.shopify.com/s/files/1/0252/8251/0902/products/product-image-1284647493.jpg?v=1584384453